Observation Time (UTC),Penetration (mV/m),Quiet (mV/m),Quiet plus Penetration (mV/m)
2026-03-09 01:00:00,0.021807851552972102,-0.48083757691495405,-0.45902972536198194
2026-03-09 01:05:00,-0.004973159567828853,-0.4800243807689357,-0.48499754033676457
2026-03-09 01:10:00,-0.013406309408993256,-0.4793734642745292,-0.49277977368352244
2026-03-09 01:15:00,-0.024027221002701937,-0.4788718085054169,-0.5028990295081188
2026-03-09 01:20:00,-0.03413433226010014,-0.4785063719548644,-0.5126407042149645
2026-03-09 01:25:00,-0.03529682570944708,-0.4782640905357198,-0.5135609162451669
2026-03-09 01:30:00,-0.026385550327143983,-0.4781318775804152,-0.5045174279075592
2026-03-09 01:35:00,-0.029188978715010323,-0.4780966238409669,-0.5072856025559772
2026-03-09 01:40:00,-0.03744271441089127,-0.47814519748897216,-0.5155879118998634
2026-03-09 01:45:00,-0.04032218736843249,-0.47826444411561403,-0.5185866314840465
2026-03-09 01:50:00,-0.03843835992297811,-0.4784411867316572,-0.5168795466546353
2026-03-09 01:55:00,-0.04317883719945898,-0.4786622257674499,-0.5218410629669089
2026-03-09 02:00:00,-0.042483209149869194,-0.47891433907292386,-0.521397548222793
2026-03-09 02:05:00,-0.013423117825969864,-0.4791842819175945,-0.4926073997435644
2026-03-09 02:10:00,0.016808918322291557,-0.47945878699056,-0.46264986866826846
2026-03-09 02:15:00,0.015196400529304259,-0.4797245644005016,-0.46452816387119733
2026-03-09 02:20:00,-0.011014402471631095,-0.4799683016756842,-0.4909827041473153
2026-03-09 02:25:00,-0.018761524151017592,-0.48017666376395624,-0.49893818791497385
2026-03-09 02:30:00,0.017173108150270146,-0.4803362930327491,-0.463163184882479
2026-03-09 02:35:00,0.05021482767289556,-0.4804338092690774,-0.4302189815961819
2026-03-09 02:40:00,0.054530359589148786,-0.480455809679539,-0.4259254500903902
2026-03-09 02:45:00,0.039696548794246146,-0.4803888688903151,-0.44069232009606896
2026-03-09 02:50:00,0.0010777373796609536,-0.4802195105361168,-0.47914177315645584
2026-03-09 02:55:00,-0.024473104882694118,-0.47993301868976673,-0.5044061235724608
2026-03-09 03:00:00,-0.021609046330783546,-0.47951302511951993,-0.5011220714503035
2026-03-09 03:05:00,-0.006052539829830224,-0.47894306157411887,-0.4849956014039491
2026-03-09 03:10:00,0.017681513067274703,-0.4782066784651536,-0.46052516539787886
2026-03-09 03:15:00,0.04131141535490442,-0.4772874448670619,-0.4359760295121575
2026-03-09 03:20:00,0.053358049990462834,-0.4761689485171294,-0.42281089852666653
2026-03-09 03:25:00,0.04843007689655038,-0.47483479581548976,-0.4264047189189394
2026-03-09 03:30:00,0.02003649270065573,-0.4732686118251236,-0.45323211912446787
2026-03-09 03:35:00,-0.00801676644239136,-0.47145404027185933,-0.4794708067142507
2026-03-09 03:40:00,-0.014954070670305419,-0.4693747435443736,-0.484328814214679
2026-03-09 03:45:00,-0.0007526874015791784,-0.4670144026941907,-0.4677670900957699
2026-03-09 03:50:00,0.03714924861794848,-0.4643567174356818,-0.4272074688177333
2026-03-09 03:55:00,0.07625889919725175,-0.4613854061460671,-0.38512650694881534
2026-03-09 04:00:00,0.08653201246401825,-0.4580842058654135,-0.3715521934013952
2026-03-09 04:05:00,0.06256070661929047,-0.45443687229663515,-0.3918761656773447
2026-03-09 04:10:00,0.02097041116098058,-0.450427179805496,-0.42945676864451543
2026-03-09 04:15:00,0.00165109048270659,-0.4460389214206053,-0.44438783093789874
2026-03-09 04:20:00,0.02567888024253825,-0.441255908833421,-0.41557702859088275
2026-03-09 04:25:00,0.04891622298983273,-0.4360619723982497,-0.38714574940841695
2026-03-09 04:30:00,0.04929607620007589,-0.43044096113224417,-0.3811448849321683
2026-03-09 04:35:00,0.04590084195462324,-0.42437674271540554,-0.3784759007607823
2026-03-09 04:40:00,0.04141306706888193,-0.4178532034905828,-0.3764401364217009
2026-03-09 04:45:00,0.037098364729203366,-0.41085424846347124,-0.3737558837342679
2026-03-09 04:50:00,0.01990569876055833,-0.40336476218234746,-0.38345906342178915
2026-03-09 04:55:00,-0.011423057234812397,-0.3954109776342346,-0.406834034869047
2026-03-09 05:00:00,-0.04383795890747844,-0.3870753279147221,-0.43091328682220054
2026-03-09 05:05:00,-0.060391523939142,-0.37844441628496867,-0.43883594022411065
2026-03-09 05:10:00,-0.058562346489593554,-0.369605017381035,-0.4281673638706286
2026-03-09 05:15:00,-0.029560910593895144,-0.36064407721388975,-0.3902049878077849
2026-03-09 05:20:00,-0.00003744579599382053,-0.35164871316940666,-0.35168615896540045
2026-03-09 05:25:00,0.02645112300950275,-0.3427062140083661,-0.31625509099886334
2026-03-09 05:30:00,0.058579296309661764,-0.333904039866456,-0.27532474355679426
2026-03-09 05:35:00,0.07416790551911787,-0.32532784013387694,-0.25115993461475905
2026-03-09 05:40:00,0.06757969652199061,-0.31697816795701367,-0.24939847143502306
2026-03-09 05:45:00,0.05061991318543228,-0.30873978226551463,-0.25811986908008233
2026-03-09 05:50:00,0.026746461840091596,-0.3004889436630882,-0.2737424818229966
2026-03-09 05:55:00,-0.0014310977687673726,-0.2921016621614613,-0.29353275993022865
2026-03-09 06:00:00,-0.02345723822722754,-0.2834536971803782,-0.3069109354076058
2026-03-09 06:05:00,-0.023225350733944838,-0.27442055754760086,-0.2976459082815457
2026-03-09 06:10:00,-0.006460048963382912,-0.2648775014989092,-0.27133755046229213
2026-03-09 06:15:00,0.011988169840072203,-0.25469953667810086,-0.24271136683802866
2026-03-09 06:20:00,0.02020947417038238,-0.24376286931879665,-0.22355339514841427
2026-03-09 06:25:00,0.018345458955004657,-0.23200579230477456,-0.2136603333497699
2026-03-09 06:30:00,0.014851490139350889,-0.21945110722871486,-0.20459961708936397
2026-03-09 06:35:00,0.015782515503422297,-0.20612766586531678,-0.19034515036189448
2026-03-09 06:40:00,0.01620439618700829,-0.19206433965625141,-0.17585994346924314
2026-03-09 06:45:00,0.010889560022569507,-0.1772900197101632,-0.1664004596875937
2026-03-09 06:50:00,0.003126215342544252,-0.1618336168026691,-0.15870740146012485
2026-03-09 06:55:00,-0.0027348304359885783,-0.14572406137635907,-0.14845889181234764
2026-03-09 07:00:00,-0.0038093814095272386,-0.12899030354079585,-0.1327996849503231
2026-03-09 07:05:00,-0.0013471183198263581,-0.11166131307251499,-0.11300843139234135
2026-03-09 07:10:00,-0.0008171094849923888,-0.09376607941502489,-0.09458318890001728
2026-03-09 07:15:00,-0.0010040536540161826,-0.07533361167880656,-0.07633766533282274
2026-03-09 07:20:00,-0.00015097035819189287,-0.05639314415519844,-0.05654411451339033
2026-03-09 07:25:00,0.0002658039772464509,-0.036982767151463,-0.03671696317421655
2026-03-09 07:30:00,0.001795281470119879,-0.017152586208992942,-0.015357304738873062
2026-03-09 07:35:00,0.003952288131309733,0.003046415193588009,0.006998703324897743
2026-03-09 07:40:00,0.004410503303497834,0.02356323119827122,0.027973734501769053
2026-03-09 07:45:00,0.0022084211442490458,0.04434683356766328,0.046555254711912325
2026-03-09 07:50:00,-0.0015743198888478885,0.06534617168498602,0.06377185179613813
2026-03-09 07:55:00,-0.002190980948500393,0.08651017255407661,0.08431919160557622
2026-03-09 08:00:00,-0.0015763507855246803,0.10778774079938737,0.10621139001386269
2026-03-09 08:05:00,-0.003758838573577274,0.12912775866598608,0.1253689200924088
2026-03-09 08:10:00,-0.005258371498624698,0.15047908601955529,0.14522071452093058
2026-03-09 08:15:00,-0.006745362070131433,0.17179056034639292,0.1650451982762615
2026-03-09 08:20:00,-0.006875972817341705,0.1930109967534125,0.1861350239360708
2026-03-09 08:25:00,-0.007726120124811607,0.2140891879681423,0.2063630678433307
2026-03-09 08:30:00,-0.012803767613245892,0.2349739043387261,0.2221701367254802
2026-03-09 08:35:00,-0.021869248335542883,0.2556138938339229,0.23374464549838003
2026-03-09 08:40:00,-0.03237725906504043,0.2759578820431069,0.24358062297806646
2026-03-09 08:45:00,-0.037391017063556554,0.2959545721762674,0.25856355511271084
2026-03-09 08:50:00,-0.04073838485448072,0.31555264506400904,0.2748142602095283
2026-03-09 08:55:00,-0.04368493971414661,0.3347007591575521,0.2910158194434055
2026-03-09 09:00:00,-0.03868658004035146,0.3533475505287312,0.3146609704883797
2026-03-09 09:05:00,-0.03334682647006784,0.3714416328699971,0.3380948063999293
2026-03-09 09:10:00,-0.028946648109042326,0.388931597494415,0.3599849493853727
2026-03-09 09:15:00,-0.031943841699925764,0.40576601333566614,0.3738221716357404
2026-03-09 09:20:00,-0.03211544705496009,0.42189342694804643,0.3897779798930863
2026-03-09 09:25:00,-0.029211965646922307,0.43726236250646716,0.40805039685954486
2026-03-09 09:30:00,-0.02376183003473064,0.4518213218064545,0.42805949177172387
2026-03-09 09:35:00,-0.0198802028717737,0.4655187842641508,0.44563858139237705
2026-03-09 09:40:00,-0.013906498434788585,0.47830320691631284,0.46439670848152426
2026-03-09 09:45:00,0.006946370095847045,0.49012302442031297,0.49706939451616
2026-03-09 09:50:00,0.03191473071569937,0.5009266490541381,0.5328413797698375
2026-03-09 09:55:00,0.02779530030092852,0.5106624707163917,0.5384577710173202
2026-03-09 10:00:00,0.008266990131440251,0.519278856926291,0.5275458470577313
2026-03-09 10:05:00,-0.011749787622225361,0.5267249902732717,0.5149752026510463
2026-03-09 10:10:00,-0.02719550258532274,0.5329860407592679,0.5057905381739451
2026-03-09 10:15:00,-0.0291119462159749,0.5380960524225215,0.5089841062065465
2026-03-09 10:20:00,-0.032211215611275025,0.5420925668018416,0.5098813511905665
2026-03-09 10:25:00,-0.020924806250676376,0.5450131368415742,0.5240883305908978
2026-03-09 10:30:00,0.02403540294082547,0.5468953268916039,0.5709307298324294
2026-03-09 10:35:00,0.06909052044504088,0.5477767127073534,0.6168672331523943
2026-03-09 10:40:00,0.0840117792388643,0.5476948814497832,0.6317066606886474
2026-03-09 10:45:00,0.07839809008719663,0.546687431685391,0.6250855217725877
2026-03-09 10:50:00,0.04395127885372767,0.5447919733862134,0.5887432522399411
2026-03-09 10:55:00,-0.010217476218315957,0.542046127929825,0.5318286517115091
2026-03-09 11:00:00,-0.053116821522449974,0.5384875280993371,0.48537070657688713
2026-03-09 11:05:00,-0.05950132317011198,0.5341538180834011,0.47465249491328915
2026-03-09 11:10:00,-0.02657692199679092,0.5290826534762034,0.5025057314794125
2026-03-09 11:15:00,0.01668478902985891,0.5233117012774715,0.5399964903073304
2026-03-09 11:20:00,0.027239262936637778,0.5168786398924684,0.5441179028291062
2026-03-09 11:25:00,0.03064020709219419,0.5098211591319965,0.5404613662241907
2026-03-09 11:30:00,0.04456307727636931,0.5021769602123953,0.5467400374887647
2026-03-09 11:35:00,0.05689323064999855,0.4939837557555428,0.5508769864055414
2026-03-09 11:40:00,0.06940992427839629,0.48527926978885455,0.5546891940672508
2026-03-09 11:45:00,0.06928348703296479,0.4761012377452839,0.5453847247782487
2026-03-09 11:50:00,0.060014645583960954,0.4664874064633231,0.5265020520472841
2026-03-09 11:55:00,0.04561877479590163,0.4564755341870017,0.5020943089829033
2026-03-09 12:00:00,0.042975531910148065,0.44610339056588677,0.48907892247603485
2026-03-09 12:05:00,0.03956685751877267,0.43540875665508355,0.4749756141738562
2026-03-09 12:10:00,0.02915041328768536,0.424429424915236,0.45357983820292136
2026-03-09 12:15:00,0.019680603510391113,0.4132031992125254,0.43288380272291654
2026-03-09 12:20:00,0.01837458348417982,0.4017678948186707,0.4201424783028505
2026-03-09 12:25:00,0.013026646369454569,0.39016133841092915,0.4031879847803837
2026-03-09 12:30:00,0.008408541562620594,0.37842136807209625,0.38682990963471686
2026-03-09 12:35:00,-0.0006592647760101281,0.36658583329050476,0.3659265685144946
2026-03-09 12:40:00,-0.022262382966728386,0.35469259496002575,0.33243021199329736
2026-03-09 12:45:00,-0.025867250804438805,0.34277952538006834,0.31691227457562954
2026-03-09 12:50:00,-0.008370155229143557,0.3308845082555794,0.32251435302643583
2026-03-09 12:55:00,0.00682831282057645,0.3190454386970441,0.32587375151762055
2026-03-09 13:00:00,0.01442983596266654,0.3073002232204847,0.3217300591831513
2026-03-09 13:05:00,0.017417759814809003,0.2956867797474625,0.31310453956227147
2026-03-09 13:10:00,0.02244874365162203,0.28424303760507585,0.3066917812566979
2026-03-09 13:15:00,0.021937281403171777,0.2730069375259618,0.2949442189291336
2026-03-09 13:20:00,0.011868518635938767,0.2620164316482946,0.2738849502842333
2026-03-09 13:25:00,0.004384588532547587,0.25130948351578686,0.25569407204833444
2026-03-09 13:30:00,0.005641555636045009,0.24092406807768926,0.24656562371373428
2026-03-09 13:35:00,0.00214533457547318,0.23089817168878995,0.23304350626426312
2026-03-09 13:40:00,-0.006806330885223499,0.22126979210941555,0.21446346122419205
2026-03-09 13:45:00,-0.008711204719097034,0.2120769385054303,0.20336573378633327
2026-03-09 13:50:00,-0.008029550723106942,0.20335763144823663,0.1953280807251297
2026-03-09 13:55:00,-0.012079430758198978,0.19514990291477438,0.1830704721565754
2026-03-09 14:00:00,-0.005447243883913873,0.1874917962875221,0.18204455240360823
2026-03-09 14:05:00,-0.010379157625307084,0.18042088496060718,0.1700417273353001
2026-03-09 14:10:00,-0.02806885525335473,0.1739540542197837,0.14588519896642896
2026-03-09 14:15:00,-0.024642001874987444,0.16808009416957023,0.1434380922945828
2026-03-09 14:20:00,-0.008616865015170143,0.16278578398419116,0.15416891896902102
2026-03-09 14:25:00,0.0077245038588758565,0.15805789584091015,0.165782399699786
2026-03-09 14:30:00,0.017785561797399898,0.15388319492003047,0.17166875671743037
2026-03-09 14:35:00,0.01787350660088842,0.15024843940489496,0.1681219460057834
2026-03-09 14:40:00,0.012624065288786896,0.14714038048188585,0.15976444577067275
2026-03-09 14:45:00,0.003974090649908486,0.14454576234042507,0.14851985299033355
2026-03-09 14:50:00,-0.004116504982776674,0.1424513221729737,0.13833481719019702
2026-03-09 14:55:00,-0.0016858580307289863,0.1408437901750327,0.13915793214430372
2026-03-09 15:00:00,0.010949975733562047,0.13970988954514238,0.15065986527870442
2026-03-09 15:05:00,0.015869096329434576,0.1390363364848826,0.15490543281431718
2026-03-09 15:10:00,0.0002842598568780917,0.13880984019887252,0.13909410005575062
2026-03-09 15:15:00,-0.03416987172981398,0.13901710289477118,0.1048472311649572
2026-03-09 15:20:00,-0.0701557733699193,0.13964481978327672,0.06948904641335743
2026-03-09 15:25:00,-0.08597280225954627,0.14067967907812723,0.054706876818580955
2026-03-09 15:30:00,-0.08115309134339131,0.14210836199609994,0.06095527065270863
2026-03-09 15:35:00,-0.06893909589722909,0.14391754275701177,0.07497844685978268
2026-03-09 15:40:00,-0.039870076290595566,0.1460938885837191,0.10622381229312354
2026-03-09 15:45:00,-0.015736009384649516,0.1486240597021178,0.1328880503174683
2026-03-09 15:50:00,0.015257093830058358,0.15149470934114329,0.16675180317120164
2026-03-09 15:55:00,0.050722842837517525,0.15469248373277042,0.20541532657028794
2026-03-09 16:00:00,0.06319418266790748,0.15820402211201365,0.22139820477992112
2026-03-09 16:05:00,0.0607488786946147,0.1620159567169269,0.2227648354115416
2026-03-09 16:10:00,0.04790517879845713,0.16611491278860355,0.21402009158706067
2026-03-09 16:15:00,0.03320736468953898,0.17048750857117653,0.2036948732607155
2026-03-09 16:20:00,0.010476208721651658,0.17512035531181827,0.18559656403346994
2026-03-09 16:25:00,-0.02431642981416672,0.18000005726074075,0.15568362744657405
2026-03-09 16:30:00,-0.07136993633018955,0.18511321167119563,0.11374327534100608
2026-03-09 16:35:00,-0.10428253327835578,0.19044640879947358,0.0861638755211178
2026-03-09 16:40:00,-0.10366341593033343,0.19598623190490527,0.09232281597457184
2026-03-09 16:45:00,-0.08331869766870312,0.2017192572498606,0.11840055958115747
2026-03-09 16:50:00,-0.05979532277915079,0.20763205409974908,0.1478367313205983
2026-03-09 16:55:00,-0.03672547227185184,0.21371118472301978,0.17698571245116795
2026-03-09 17:00:00,-0.01680965006669349,0.2199432043911611,0.2031335543244676
2026-03-09 17:05:00,0.0008072907829112678,0.22631466137870107,0.22712195216161235
2026-03-09 17:10:00,0.01525362091835231,0.23281209696320732,0.24806571788155962
2026-03-09 17:15:00,0.02764725194834292,0.23942204542528686,0.2670692973736298
2026-03-09 17:20:00,0.03758994263668364,0.2461378484941653,0.28372779113084895
2026-03-09 17:25:00,0.045995279002656916,0.2532458585035202,0.29924113750617715
2026-03-09 17:30:00,0.04542889780711397,0.2614303030792876,0.30685920088640156
2026-03-09 17:35:00,0.021949613324477556,0.27140405218548014,0.2933536655099577
2026-03-09 17:40:00,-0.009963504793116904,0.2838802513517898,0.2739167465586729
2026-03-09 17:45:00,-0.026474962906837346,0.299572321673588,0.2730973587667507
2026-03-09 17:50:00,-0.025113142331069264,0.31919395981192655,0.2940808174808573
2026-03-09 17:55:00,-0.003456342835257883,0.343459137993537,0.34000279515827914
2026-03-09 18:00:00,0.017886853478529887,0.3730821040108305,0.39096895748936034
2026-03-09 18:05:00,0.022845489240688792,0.40874676488562817,0.43159225412631697
2026-03-09 18:10:00,0.023199990255099837,0.4498208243670135,0.4730208146221133
2026-03-09 18:15:00,0.026573885103879476,0.4938846806901778,0.5204585657940572
2026-03-09 18:20:00,0.03280819692912115,0.5383903587920138,0.571198555721135
2026-03-09 18:25:00,0.038436822815555646,0.5807889588673382,0.6192257816828938
2026-03-09 18:30:00,0.039554578576334334,0.6185306563688936,0.658085234945228
2026-03-09 18:35:00,0.04060691792082837,0.6490647020073476,0.6896716199281759
2026-03-09 18:40:00,0.039951156715654045,0.6698394217512932,0.7097905784669473
2026-03-09 18:45:00,0.02834270121558888,0.6783022168272481,0.706644918042837
2026-03-09 18:50:00,0.013793004817865757,0.6719414546327408,0.6857344594506065
2026-03-09 18:55:00,0.0061123848684050556,0.6500458550841894,0.6561582399525945
2026-03-09 19:00:00,0.002032001079603965,0.6143490796289452,0.6163810807085492
2026-03-09 19:05:00,-0.004415709190629022,0.5667598921020962,0.5623441829114671
2026-03-09 19:10:00,-0.009185160971908576,0.5091877768055834,0.5000026158336748
2026-03-09 19:15:00,-0.006910925565923201,0.4435429385081992,0.436632012942276
2026-03-09 19:20:00,-0.021530984558286906,0.37173630244559003,0.35020531788730314
2026-03-09 19:25:00,-0.03871792332517743,0.2956795143202553,0.25696159099507787
2026-03-09 19:30:00,-0.03765063937609812,0.2172849403015468,0.1796343009254487
2026-03-09 19:35:00,-0.025685270531226264,0.1384656670256694,0.11278039649444313
2026-03-09 19:40:00,-0.010338242146312498,0.06113550159568052,0.050797259449368026
2026-03-09 19:45:00,0.0020267593251312743,-0.012791028418509197,-0.010764269093377923
2026-03-09 19:50:00,0.010637959967155232,-0.08142000636689402,-0.07078204639973878
2026-03-09 19:55:00,0.013355665194661165,-0.1437740337095929,-0.13041836851493174
2026-03-09 20:00:00,0.013296677348170643,-0.20012049036297702,-0.18682381301480638
2026-03-09 20:05:00,0.012009870671988549,-0.2508157180961397,-0.23880584742415112
2026-03-09 20:10:00,0.009563721396039252,-0.29621622349901955,-0.2866525021029803
2026-03-09 20:15:00,0.0031444770330558256,-0.3366786779824027,-0.3335342009493469
2026-03-09 20:20:00,0.0002947154542255071,-0.3725599177779205,-0.37226520232369503
2026-03-09 20:25:00,0.0012410033716374132,-0.40421694393805147,-0.40297594056641406
2026-03-09 20:30:00,0.0005853729390953641,-0.43200692233611987,-0.4314215493970245
2026-03-09 20:35:00,-0.00044853887391216253,-0.4562871836662968,-0.45673572254020894
2026-03-09 20:40:00,0.0004159205420945848,-0.47741522344359855,-0.47699930290150394
2026-03-09 20:45:00,0.0022355699704700634,-0.49574870200388926,-0.4935131320334192
2026-03-09 20:50:00,0.004035278623167642,-0.5116454445038785,-0.5076101658807108
2026-03-09 20:55:00,0.00627417754650789,-0.5254634409211218,-0.5191892633746139
2026-03-09 21:00:00,0.006577719282121047,-0.5375608460540215,-0.5309831267719005
2026-03-09 21:05:00,0.004219885651484959,-0.548292998884615,-0.54407311323313
2026-03-09 21:10:00,0.004097108305857469,-0.5578872347886061,-0.5537901264827486
2026-03-09 21:15:00,0.008732426152852132,-0.5663970042329647,-0.5576645780801126
2026-03-09 21:20:00,0.010645981259920433,-0.5738633680971349,-0.5632173868372145
2026-03-09 21:25:00,0.010131241550411127,-0.580327405065065,-0.5701961635146539
2026-03-09 21:30:00,0.007058998083988809,-0.585830211625205,-0.5787712135412162
2026-03-09 21:35:00,0.004588053328808916,-0.590412902070506,-0.585824848741697
2026-03-09 21:40:00,0.006502844222267888,-0.5941166084984205,-0.5876137642761526
2026-03-09 21:45:00,0.002021327245287375,-0.5969824808109048,-0.5949611535656174
2026-03-09 21:50:00,-0.015530535072043999,-0.5990516867144154,-0.6145822217864595
2026-03-09 21:55:00,-0.03272638248009701,-0.6003654117199116,-0.6330917942000086
2026-03-09 22:00:00,-0.03866200616837255,-0.600964859142854,-0.6396268653112266
2026-03-09 22:05:00,-0.03822600272306336,-0.6008912501032055,-0.6391172528262689
2026-03-09 22:10:00,-0.03856129028707892,-0.6001858235254307,-0.6387471138125096
2026-03-09 22:15:00,-0.03942432352073069,-0.5988898361384963,-0.638314159659227
2026-03-09 22:20:00,-0.035541901591193845,-0.5970445624758706,-0.6325864640670644
2026-03-09 22:25:00,-0.02729483666279255,-0.5946912948755243,-0.6219861315383168
2026-03-09 22:30:00,-0.03182578196363888,-0.5918713434799293,-0.6236971254435681
2026-03-09 22:35:00,-0.041460185820249525,-0.5886260362360594,-0.6300862220563089
2026-03-09 22:40:00,-0.042902648209275786,-0.5849967188953913,-0.6278993671046671
2026-03-09 22:45:00,-0.04167439768361368,-0.5810247550139032,-0.6226991526975169
2026-03-09 22:50:00,-0.03880575001067419,-0.5767515259520739,-0.6155572759627481
2026-03-09 22:55:00,-0.0354957638093848,-0.572218430874886,-0.6077141946842708
2026-03-09 23:00:00,-0.028195018419298414,-0.5674668867518224,-0.5956619051711208
2026-03-09 23:05:00,-0.0055177151717243356,-0.5625383283568696,-0.568056043528594
2026-03-09 23:10:00,0.058740043469714946,-0.5574742082685141,-0.4987341647987992
2026-03-09 23:15:00,0.10541518278797185,-0.5523159968697461,-0.44690081408177423
2026-03-09 23:20:00,0.110548078741213,-0.5471051823480557,-0.43655710360684274
2026-03-09 23:25:00,0.09954399993941256,-0.5418832706954372,-0.44233927075602464
2026-03-09 23:30:00,0.08227136284706155,-0.5366917857083849,-0.4544204228613234
2026-03-09 23:35:00,0.05101171371060003,-0.5315722689878954,-0.4805605552772954
2026-03-09 23:40:00,0.00500703265781416,-0.5265662799394686,-0.5215592472816544
2026-03-09 23:45:00,-0.031606993480407006,-0.5217153957731043,-0.5533223892535113
2026-03-09 23:50:00,-0.05606837230711324,-0.5170612115033053,-0.5731295838104186
2026-03-09 23:55:00,-0.06719998168034785,-0.5126453399490761,-0.5798453216294239
2026-03-10 00:00:00,-0.07271040736185455,-0.5085094117339234,-0.5812198190957779
2026-03-10 00:05:00,-0.0711685945797116,-0.5046945493073346,-0.5758631438870462
2026-03-10 00:10:00,-0.06591969186656924,-0.5012192740727998,-0.567138965939369
2026-03-10 00:15:00,-0.05213574284815531,-0.4980714016098798,-0.5502071444580351
2026-03-10 00:20:00,-0.037561325816119456,-0.49523653558683794,-0.5327978614029574
2026-03-10 00:25:00,-0.021732918435550266,-0.49270025709151977,-0.51443317552707
2026-03-10 00:30:00,-0.008245053193904789,-0.4904481246313538,-0.49869317782525857
2026-03-10 00:35:00,0.004669239220086403,-0.48846567413335246,-0.48379643491326607
2026-03-10 00:40:00,0.015105244634872837,-0.4867384189441114,-0.47163317430923857
2026-03-10 00:45:00,0.024790583693793118,-0.4852518498298088,-0.4604612661360157
2026-03-10 00:50:00,0.03251174295132656,-0.48399143497620756,-0.451479692024881
2026-03-10 00:55:00,0.03965178559368722,-0.4829426199886529,-0.4432908343949657
2026-03-10 01:00:00,0.04535032619736474,-0.48209082789207264,-0.4367405016947079
2026-03-10 01:05:00,0.05064718691617657,-0.48142145913097956,-0.43077427221480297
2026-03-10 01:10:00,0.05490519384227935,-0.48091989156946846,-0.42601469772718914
2026-03-10 01:15:00,0.05888923976404569,-0.48057148049121795,-0.42168224072717225
2026-03-10 01:20:00,0.062122133553322786,-0.4803615585994896,-0.4182394250461668
2026-03-10 01:25:00,0.06516262592745599,-0.48027543601712835,-0.4151128100896724
2026-03-10 01:30:00,0.06765380297652761,-0.48029840028656284,-0.4126445973100352
2026-03-10 01:35:00,0.07000308604806955,-0.48041571636980474,-0.4104126303217352
2026-03-10 01:40:00,0.07194511689083694,-0.4806126266484486,-0.4086675097576117
2026-03-10 01:45:00,0.07377739089113142,-0.48087435092367253,-0.40709696003254114
2026-03-10 01:50:00,0.07530392126708897,-0.4811860864162385,-0.40588216514914954
2026-03-10 01:55:00,0.07674149086766821,-0.48153300776649044,-0.4047915168988222
2026-03-10 02:00:00,0.07794568425220118,-0.48190026703435707,-0.4039545827821559
2026-03-10 02:05:00,0.07907415504661598,-0.4822729936993493,-0.4031988386527333
2026-03-10 02:10:00,0.08002080423438801,-0.48263629466056174,-0.4026154904261737
2026-03-10 02:15:00,0.08090002245576842,-0.48297525423667237,-0.40207523178090393
2026-03-10 02:20:00,0.08163403540055388,-0.4832749341659422,-0.40164089876538833
2026-03-10 02:25:00,0.08075284163275252,-0.4835203736062157,-0.40276753197346316
2026-03-10 02:30:00,0.07518607215050123,-0.48369658913492025,-0.40851051698441904
2026-03-10 02:35:00,0.06456583253498258,-0.48378857474906733,-0.41922274221408473
2026-03-10 02:40:00,0.05077112837073255,-0.48378130186525087,-0.4330101734945183
2026-03-10 02:45:00,0.036636618529397515,-0.4836597193196485,-0.447023100790251
2026-03-10 02:50:00,0.02187668307271526,-0.4834087528351231,-0.4615320697624078
2026-03-10 02:55:00,0.007532626728311065,-0.48301328719127296,-0.4754806604629619
2026-03-10 03:00:00,-0.009156118809797305,-0.48245818182055095,-0.4916143006303483
2026-03-10 03:05:00,-0.02786609338626013,-0.4817283121967333,-0.5095944055829934
2026-03-10 03:10:00,-0.04319440501892956,-0.48080857245644554,-0.524002977475375
2026-03-10 03:15:00,-0.0660559843248671,-0.4796838753991593,-0.5457398597240264
2026-03-10 03:20:00,-0.09677281904275892,-0.47833915248719555,-0.5751119715299544
2026-03-10 03:25:00,-0.12323480578288187,-0.47675935384572105,-0.5999941596286029
2026-03-10 03:30:00,-0.131577343632087,-0.4749294482627522,-0.6065067918948392
2026-03-10 03:35:00,-0.11267636022477466,-0.47283442318915164,-0.5855107834139263
2026-03-10 03:40:00,-0.07788792662355472,-0.4704592847386306,-0.5483472113621853
2026-03-10 03:45:00,-0.054169496112362346,-0.46778905768774764,-0.52195855380011
2026-03-10 03:50:00,-0.05487540711641751,-0.46480878547590876,-0.5196841925923262
2026-03-10 03:55:00,-0.0593551012656602,-0.4615035302053686,-0.5208586314710288
2026-03-10 04:00:00,-0.056733935072767784,-0.45785837264122803,-0.5145923077139958
2026-03-10 04:05:00,-0.027417677048421043,-0.4538584122114373,-0.4812760892598583
2026-03-10 04:10:00,0.03054285845004043,-0.4494887670067933,-0.41894590855675284
2026-03-10 04:15:00,0.07922589181597546,-0.44473457378094067,-0.3655086819649652
2026-03-10 04:20:00,0.09255713081526008,-0.4395809879503722,-0.34702385713511213
2026-03-10 04:25:00,0.09192360980525878,-0.434013183594427,-0.3420895737891682
2026-03-10 04:30:00,0.09113074986012201,-0.42801635345529493,-0.33688560359517294
2026-03-10 04:35:00,0.07529258732118344,-0.4215757089380105,-0.34628312161682706
2026-03-10 04:40:00,0.04582276032594779,-0.41467648011045627,-0.3688537197845085
2026-03-10 04:45:00,0.0029289853610294818,-0.40730391570336516,-0.4043749303423357
2026-03-10 04:50:00,-0.023626816008954128,-0.3994443472149128,-0.4230711632238669
2026-03-10 04:55:00,-0.021427079598794672,-0.3911298927253184,-0.4125569723241131
2026-03-10 05:00:00,-0.016302842063085236,-0.3824548945831959,-0.39875773664628117
2026-03-10 05:05:00,-0.02266486671883157,-0.37351829504293943,-0.396183161761771
2026-03-10 05:10:00,-0.025838660695030463,-0.36441920773385295,-0.39025786842888344
2026-03-10 05:15:00,-0.016353352507945833,-0.3552569176601431,-0.37161027016808895
2026-03-10 05:20:00,-0.002558507190192638,-0.34613088120092267,-0.3486893883911153
2026-03-10 05:25:00,0.004009722931477289,-0.3371407261102133,-0.333131003178736
2026-03-10 05:30:00,0.0027352598653852577,-0.3283862515169403,-0.32565099165155503
2026-03-10 05:35:00,0.000809975176035007,-0.3199651605783703,-0.31915518540233534
2026-03-10 05:40:00,-0.007839804230021985,-0.31187779693591483,-0.31971760116593684
2026-03-10 05:45:00,-0.01671300628084653,-0.30399206433476167,-0.3207050706156082
2026-03-10 05:50:00,-0.019294857461957863,-0.29616618075589385,-0.3154610382178517
2026-03-10 05:55:00,-0.018384393807604375,-0.2882581135883113,-0.3066425073959157
2026-03-10 06:00:00,-0.017579137904971932,-0.28012557962903173,-0.2977047175340037
2026-03-10 06:05:00,-0.014246329350831193,-0.27162604508309107,-0.28587237443392227
2026-03-10 06:10:00,-0.0036529818796947784,-0.26261672556354226,-0.266269707443237
2026-03-10 06:15:00,0.0007276379850371196,-0.2529545860914566,-0.2522269481064195
2026-03-10 06:20:00,0.007153438709915086,-0.24249797295776773,-0.23534453424785265
2026-03-10 06:25:00,0.02239162701223605,-0.23117517341436336,-0.20878354640212732
2026-03-10 06:30:00,0.028852347421411885,-0.2190096445522531,-0.19015729713084123
2026-03-10 06:35:00,0.016505102549898957,-0.20603165416817842,-0.18952655161827947
2026-03-10 06:40:00,-0.002349815058517729,-0.19227148972585414,-0.19462130478437187
2026-03-10 06:45:00,-0.010114844974458493,-0.1777594583559672,-0.1878743033304257
2026-03-10 06:50:00,-0.0067446876113545304,-0.16252588685617786,-0.16927057446753238
2026-03-10 06:55:00,0.000926710077230671,-0.14660112169111886,-0.1456744116138882
2026-03-10 07:00:00,0.00023156506027185607,-0.1300155289923961,-0.12978396393212424
2026-03-10 07:05:00,-0.00492709280765678,-0.11279949455858812,-0.1177265873662449
2026-03-10 07:10:00,-0.00539939782179948,-0.09498342385524619,-0.10038282167704567
2026-03-10 07:15:00,-0.002951356261347316,-0.07659774201489453,-0.07954909827624185
2026-03-10 07:20:00,-0.0004315416326011,-0.05767310118435432,-0.05810464281695542
2026-03-10 07:25:00,0.0002804383390292761,-0.038249088354938815,-0.03796865001590954
2026-03-10 07:30:00,0.00009124519554090722,-0.018377412750865938,-0.01828616755532503
2026-03-10 07:35:00,-0.00020829876585723455,0.0018893308335372594,0.0016810320676800248
2026-03-10 07:40:00,-0.00026558367910164537,0.022498525224558974,0.022232941545457328
2026-03-10 07:45:00,0.0010734492118425764,0.04339753086910267,0.044470980080945244
2026-03-10 07:50:00,0.001066996611813486,0.06453368583468708,0.06560068244650057
2026-03-10 07:55:00,-0.001611512901805056,0.08585430580944603,0.08424279290764097
2026-03-10 08:00:00,-0.0039171557064961015,0.1073066841021287,0.10338952839563259
2026-03-10 08:05:00,-0.004741550868663071,0.12883809164209956,0.12409654077343649
2026-03-10 08:10:00,-0.002298019468630492,0.1503957769793382,0.14809775751070772
2026-03-10 08:15:00,0.008106875847943673,0.17192696628443946,0.18003384213238313
2026-03-10 08:20:00,0.020451994029988232,0.19337886334861323,0.21383085737860147
2026-03-10 08:25:00,0.02770468672392515,0.2146986495836849,0.24240333630761005
2026-03-10 08:30:00,0.031138857726747123,0.23583348402209497,0.2669723417488421
2026-03-10 08:35:00,0.03088822224842923,0.2567305033168994,0.28761872556532864
2026-03-10 08:40:00,0.02757133396058852,0.277336821741769,0.3049081557023575
2026-03-10 08:45:00,0.023752885136208903,0.29759953119099003,0.3213524163271989
2026-03-10 08:50:00,0.021352064395839244,0.317465701179464,0.33881776557530324
2026-03-10 08:55:00,0.02367311810349753,0.33688237884270755,0.3605554969462051
2026-03-10 09:00:00,0.024611435367935374,0.3557965889368529,0.38040802430478826
2026-03-10 09:05:00,0.020086025183220352,0.3741553338386469,0.39424135902186724
2026-03-10 09:10:00,0.014410789303210042,0.3919055935454518,0.40631638284866184
2026-03-10 09:15:00,0.01124972018806643,0.408994325675246,0.42024404586331243
2026-03-10 09:20:00,0.019607934437124733,0.42536846546662166,0.4449763999037464
2026-03-10 09:25:00,0.028586846398048794,0.44097492577878716,0.469561772176836
2026-03-10 09:30:00,0.03074295952405629,0.4557605970915658,0.4865035566156221
2026-03-10 09:35:00,0.027454208047984176,0.46967234750539616,0.4971265555533803
2026-03-10 09:40:00,0.019460203515780823,0.48265702274133176,0.5021172262571126
2026-03-10 09:45:00,0.008882365630868498,0.4946614461410423,0.5035438117719108
2026-03-10 09:50:00,0.005863003948408543,0.5056324186668116,0.5114954226152202
2026-03-10 09:55:00,0.0067991330495390054,0.5155167189015394,0.5223158519510784
2026-03-10 10:00:00,0.009746964719332033,0.5242611030487399,0.5340080677680719
2026-03-10 10:05:00,0.01564495864489427,0.5318131652188768,0.547458123863771
2026-03-10 10:10:00,0.016225330314450063,0.5381574687979661,0.5543827991124162
2026-03-10 10:15:00,0.014788447037127188,0.543328783950332,0.5581172309874592
2026-03-10 10:20:00,0.005959018763670617,0.5473654734135156,0.5533244921771863
2026-03-10 10:25:00,-0.0022180864795840354,0.5503059113305956,0.5480878248510116
2026-03-10 10:30:00,-0.0019606277197231044,0.5521884832501881,0.550227855530465
2026-03-10 10:35:00,-0.0023063466244213743,0.553051586126448,0.5507452395020266
2026-03-10 10:40:00,-0.00019948134733042958,0.5529336283190669,0.5527341469717365
2026-03-10 10:45:00,0.0027959548010283992,0.5518730295932759,0.5546689843943042
2026-03-10 10:50:00,-0.003794091405847446,0.5499082211198432,0.5461141297139958
2026-03-10 10:55:00,-0.021183611229376686,0.5470776454750748,0.525894034245698
2026-03-10 11:00:00,-0.03662958769430312,0.5434197566408145,0.5067901689465114
2026-03-10 11:05:00,-0.04081393899955701,0.538973020004445,0.49815908100488804
2026-03-10 11:10:00,-0.04746716155457792,0.5337759123588861,0.4863087508043082
2026-03-10 11:15:00,-0.07916420642016961,0.5278669219025957,0.448702715482426
2026-03-10 11:20:00,-0.1189595866361076,0.5212845482395702,0.40232496160346254
2026-03-10 11:25:00,-0.11430425588169947,0.5140673023793426,0.39976304649764316
2026-03-10 11:30:00,-0.05975789214060471,0.5062537067369859,0.44649581459638116
2026-03-10 11:35:00,-0.010854457509160746,0.4978822951331091,0.48702783762394836
2026-03-10 11:40:00,-0.004613680343519925,0.4889916127938599,0.48437793245033994
2026-03-10 11:45:00,-0.00718422949650914,0.47962021635092394,0.4724359868544148
2026-03-10 11:50:00,-0.01622719794298919,0.4698066738415256,0.45357947589853637
2026-03-10 11:55:00,-0.020410005713534133,0.4595895647084254,0.43917955899489125
2026-03-10 12:00:00,0.00606817551716814,0.4490074797999236,0.45507565531709177
2026-03-10 12:05:00,0.04140816293128216,0.4380990213698571,0.47950718430113926
2026-03-10 12:10:00,0.06888702177839659,0.4269028030776012,0.49578982485599776
2026-03-10 12:15:00,0.07791513662421541,0.41545744998806977,0.49337258661228517
2026-03-10 12:20:00,0.07416997979846178,0.4038015985717138,0.4779715783701756
2026-03-10 12:25:00,0.06244880542750848,0.3919738967045229,0.45442270213203134
2026-03-10 12:30:00,0.055875811652208,0.38001300366802376,0.43588881532023177
2026-03-10 12:35:00,0.054602988023443294,0.3679575901492814,0.42256057817272474
2026-03-10 12:40:00,0.05147995967083602,0.3558463382408991,0.40732629791173514
2026-03-10 12:45:00,0.03654008892259805,0.343717941441018,0.38025803036361605
2026-03-10 12:50:00,-0.006320273219604373,0.3316111046533168,0.3252908314337124
2026-03-10 12:55:00,-0.06142637106235131,0.31956454418701236,0.25813817312466103
2026-03-10 13:00:00,-0.09623375911267325,0.30761698775685975,0.21138322864418652
2026-03-10 13:05:00,-0.10844544486806111,0.29580717448315147,0.18736172961509034
2026-03-10 13:10:00,-0.09842026743064562,0.28417385489171854,0.1857535874610729
2026-03-10 13:15:00,-0.06212706454437932,0.2727557909139292,0.21062872636954988
2026-03-10 13:20:00,-0.010801583473022805,0.26159175588669054,0.25079017241366774
2026-03-10 13:25:00,0.024413486831118093,0.2507205345524467,0.2751340213835648
2026-03-10 13:30:00,0.030894263416008965,0.24018092305918035,0.2710751864751893
2026-03-10 13:35:00,0.00964643352709213,0.23001172896041192,0.23965816248750405
2026-03-10 13:40:00,-0.019331355088472692,0.22025177121519995,0.20092041612672726
2026-03-10 13:45:00,-0.03657012849988115,0.2109398801881405,0.17436975168825936
2026-03-10 13:50:00,-0.05160254596115136,0.2021148976493679,0.15051235168821656
2026-03-10 13:55:00,-0.0629390728797797,0.1938156767745546,0.1308766038947749
2026-03-10 14:00:00,-0.05709200499844828,0.18608108214491054,0.12898907714646227
2026-03-10 14:05:00,-0.024895369750683526,0.17894949591422865,0.15405412616354514
2026-03-10 14:10:00,0.01737509958479715,0.17243807731145197,0.18981317689624913
2026-03-10 14:15:00,0.011166606754952527,0.16653516444559657,0.17770177120054909
2026-03-10 14:20:00,-0.023927996004157265,0.16122703270973135,0.13729903670557408
2026-03-10 14:25:00,-0.010871524465413604,0.15649995049996454,0.14562842603455095
2026-03-10 14:30:00,0.03714503521548813,0.15234017921544415,0.18948521443093228
2026-03-10 14:35:00,0.066643516592745,0.14873397325835735,0.21537748985110236
2026-03-10 14:40:00,0.0424901519953314,0.1456675800339311,0.1881577320292625
2026-03-10 14:45:00,0.002993663062866765,0.14312723995043167,0.14612090301329844
2026-03-10 14:50:00,-0.01294326693596067,0.14109918641916505,0.12815591948320437
2026-03-10 14:55:00,-0.010116485395143265,0.13956964585447657,0.1294531604593333
2026-03-10 15:00:00,0.0022402120710222234,0.13852483767375118,0.1407650497447734
2026-03-10 15:05:00,0.009200159746601034,0.13795097429741318,0.14715113404401423
2026-03-10 15:10:00,0.019113694411203846,0.13783426114892647,0.1569479555601303
2026-03-10 15:15:00,0.02571417906380601,0.13816089665479458,0.1638750757186006
2026-03-10 15:20:00,0.010247840775160853,0.13891707224456037,0.14916491301972123
2026-03-10 15:25:00,-0.010593408184226044,0.14008897235080622,0.12949556416658017
2026-03-10 15:30:00,-0.03608847265086319,0.1416627744091541,0.1055743017582909
2026-03-10 15:35:00,-0.06291908589205247,0.14362464885826545,0.08070556296621298
2026-03-10 15:40:00,-0.0731400618929479,0.1459607591398413,0.0728206972468934
2026-03-10 15:45:00,-0.06735318871841506,0.14865726169862203,0.08130407298020698
2026-03-10 15:50:00,-0.07546847313255689,0.1517003059823876,0.0762318328498307
2026-03-10 15:55:00,-0.08693255178279825,0.15507603444195753,0.06814348265915927
2026-03-10 16:00:00,-0.07868320230335125,0.1587705825311908,0.08008738022783955
2026-03-10 16:05:00,-0.055195653623976444,0.16277007870698584,0.1075744250830094
2026-03-10 16:10:00,-0.014578312009369728,0.16706064442928067,0.15248233241991094
2026-03-10 16:15:00,0.04402025123089466,0.1716283941610528,0.21564864539194745
2026-03-10 16:20:00,0.09718782440882526,0.17645943536831932,0.27364725977714455
2026-03-10 16:25:00,0.07616710192894229,0.1815398685201365,0.2577069704490788
2026-03-10 16:30:00,-0.015974145384003123,0.18685578708860076,0.17088164170459763
2026-03-10 16:35:00,-0.08058408655152076,0.19239327754884736,0.1118091909973266
2026-03-10 16:40:00,-0.07508158041971864,0.19813841937905147,0.12305683895933282
2026-03-10 16:45:00,-0.035690666505721065,0.20407728506042766,0.1683866185547066
2026-03-10 16:50:00,0.002419277074336882,0.21019594007723,0.2126152171515669
2026-03-10 16:55:00,0.03321002307722174,0.21648044291675192,0.24969046599397365
2026-03-10 17:00:00,0.0767893570582372,0.22291684506932666,0.2997062021275638
2026-03-10 17:05:00,0.1222981440988557,0.2294911910283267,0.3517893351271824
2026-03-10 17:10:00,0.15446251377200157,0.23618951829016419,0.39065203206216575
2026-03-10 17:15:00,0.15980095966606325,0.24299785735429072,0.40279881702035397
2026-03-10 17:20:00,0.154321259664197,0.24990923716542382,0.4042304968296208
2026-03-10 17:25:00,0.14200135236030245,0.2572179091552771,0.3992192615155795
2026-03-10 17:30:00,0.12479133457441888,0.26562714653176545,0.3904184811061843
2026-03-10 17:35:00,0.10916653396497289,0.2758696599878469,0.3850361939528198
2026-03-10 17:40:00,0.0946786002918645,0.28867843578215907,0.3833570360740236
2026-03-10 17:45:00,0.08175624742669459,0.30478673573901965,0.3865429831657142
2026-03-10 17:50:00,0.04519676740747497,0.3249280972484259,0.3701248646559009
2026-03-10 17:55:00,-0.05886594712025962,0.34983633326605534,0.29097038614579573
2026-03-10 18:00:00,-0.15500094951366558,0.3802455323132646,0.225244582799599
2026-03-10 18:05:00,-0.17771568698101153,0.416858630799463,0.23914294381845147
2026-03-10 18:10:00,-0.17028452345873976,0.45902747831730634,0.2887429548585666
2026-03-10 18:15:00,-0.1586624444038652,0.5042692694053058,0.3456068250014406
2026-03-10 18:20:00,-0.12964441540783816,0.5499694475709664,0.4203250321631283
2026-03-10 18:25:00,-0.05137477377996974,0.5935125315797182,0.5421377577997484
2026-03-10 18:30:00,0.028981081082014384,0.6322821154549163,0.6612631965369307
2026-03-10 18:35:00,0.04814728209753125,0.6636608684778417,0.7118081505753729
2026-03-10 18:40:00,0.028805898632607272,0.6850305351876999,0.7138364338203071
2026-03-10 18:45:00,0.0014743126532860491,0.693771935381622,0.695246248034908
2026-03-10 18:50:00,-0.01829539497954358,0.6873079670975832,0.6690125721180397
2026-03-10 18:55:00,-0.004965864908327067,0.6649096942285052,0.6599438293201781
2026-03-10 19:00:00,0.025153737189355405,0.6283580221258197,0.6535117593151751
2026-03-10 19:05:00,0.049815149837077785,0.5796135882380206,0.6294287380750984
2026-03-10 19:10:00,0.05043057331567404,0.5206377504804534,0.5710683237961274
2026-03-10 19:15:00,0.03860967145082711,0.45339258723531767,0.4920022586861448
2026-03-10 19:20:00,0.01670827996351136,0.3798408973516637,0.3965491773151751
2026-03-10 19:25:00,-0.019744154351469447,0.30194620014539697,0.28220204579392755
2026-03-10 19:30:00,-0.049082347556971245,0.22167273539927518,0.17259038784230393
2026-03-10 19:35:00,-0.05937633087236174,0.14098546336290713,0.08160913249054538
2026-03-10 19:40:00,-0.053914644596980914,0.06185006475275671,0.007935420155775794
2026-03-10 19:45:00,-0.03815959912157077,-0.013767059247860288,-0.051926658369431056
2026-03-10 19:50:00,-0.023604998407053945,-0.08392071678083464,-0.10752571518788859
2026-03-10 19:55:00,-0.012901233815817415,-0.1476079624768411,-0.16050919629265853
2026-03-10 20:00:00,-0.002998579282844463,-0.20510555210441683,-0.2081041313872613
2026-03-10 20:05:00,0.002799789193587609,-0.2567816945335883,-0.2539819053400007
2026-03-10 20:10:00,0.004045205957330105,-0.30300476345522875,-0.29895955749789865
2026-03-10 20:15:00,0.007568948633497041,-0.3441432973810578,-0.33657434874756076
2026-03-10 20:20:00,0.008803763335692086,-0.3805659996436411,-0.37176223630794897
2026-03-10 20:25:00,0.005211152927124912,-0.41264173839639073,-0.4074305854692658
2026-03-10 20:30:00,0.0014870872038079358,-0.44073954661356496,-0.43925245940975705
2026-03-10 20:35:00,0.00001985331082290215,-0.465228622090269,-0.4652087687794461
2026-03-10 20:40:00,0.00017416855606558745,-0.48647832744245295,-0.48630415888638734
2026-03-10 20:45:00,0.0018897367650451663,-0.5048581901069145,-0.5029684533418693
2026-03-10 20:50:00,0.006655855022021041,-0.5207379023412976,-0.5140820473192765
2026-03-10 20:55:00,0.013559207153313182,-0.5344873212240918,-0.5209281140707787
2026-03-10 21:00:00,0.01661680014014036,-0.5464764686546334,-0.5298596685144931
2026-03-10 21:05:00,0.014044142798782836,-0.5570724513410118,-0.5430283085422289
2026-03-10 21:10:00,0.004464516847373677,-0.5665100997714808,-0.5620455829241071
2026-03-10 21:15:00,-0.005295393000965662,-0.574844560049306,-0.5801399530502717
2026-03-10 21:20:00,-0.005024815630944901,-0.5821181749780695,-0.5871429906090144
2026-03-10 21:25:00,0.005030534086182652,-0.5883733051658558,-0.5833427710796731
2026-03-10 21:30:00,0.014173915129919196,-0.5936523290252513,-0.5794784138953322
2026-03-10 21:35:00,0.010043552632829472,-0.5979976427733434,-0.5879540901405139
2026-03-10 21:40:00,-0.008828077739764047,-0.6014516604317227,-0.6102797381714867
2026-03-10 21:45:00,-0.025685980190169364,-0.6040568138264792,-0.6297427940166486
2026-03-10 21:50:00,-0.03267825113059877,-0.6058555525882084,-0.6385338037188072
2026-03-10 21:55:00,-0.03942067422631168,-0.6068903441520048,-0.6463110183783165
2026-03-10 22:00:00,-0.044601607148546996,-0.6072036737574664,-0.6518052809060134
2026-03-10 22:05:00,-0.038186390784500035,-0.6068380444486919,-0.645024435233192
2026-03-10 22:10:00,-0.028672040134488395,-0.6058359770742832,-0.6345080172087716
2026-03-10 22:15:00,-0.01911170696730134,-0.604240010287343,-0.6233517172546443
2026-03-10 22:20:00,-0.007620555968150485,-0.602092700545476,-0.6097132565136265
2026-03-10 22:25:00,0.00031587558461662125,-0.5994366221107894,-0.5991207465261728
2026-03-10 22:30:00,0.0056697771337633545,-0.5963143670498924,-0.590644589916129
2026-03-10 22:35:00,0.007613767407846394,-0.5927685452338946,-0.5851547778260482
2026-03-10 22:40:00,0.0106291438530743,-0.5888417843384096,-0.5782126404853353
2026-03-10 22:45:00,0.012180607894198114,-0.5845767298435518,-0.5723961219493536
2026-03-10 22:50:00,0.007753429483941092,-0.5800160450339371,-0.572262615549996
2026-03-10 22:55:00,0.0025211983210390327,-0.5752024109986839,-0.5726812126776448
2026-03-10 23:00:00,0.0002517793208540547,-0.5701785266314126,-0.5699267473105585
2026-03-10 23:05:00,-0.0024949047270989675,-0.5649871086302455,-0.5674820133573445
2026-03-10 23:10:00,-0.004494916813801757,-0.5596708914978057,-0.5641658083116075
2026-03-10 23:15:00,0.002604648545225198,-0.5542726275412195,-0.5516679789959943
2026-03-10 23:20:00,0.019987691050291925,-0.5488350868721151,-0.5288473958218232
2026-03-10 23:25:00,0.033970142390486104,-0.5434010574066211,-0.509430915016135
2026-03-10 23:30:00,0.030592124633697555,-0.5380133448653706,-0.507421220231673
2026-03-10 23:35:00,0.023098313094152226,-0.5327147727734958,-0.5096164596793435
2026-03-10 23:40:00,0.02435893287052367,-0.5275481824606323,-0.5031892495901086
2026-03-10 23:45:00,0.016495592115685954,-0.5225564330609176,-0.5060608409452316
2026-03-10 23:50:00,-0.013282580925740655,-0.5177824015129905,-0.5310649824387311
2026-03-10 23:55:00,-0.04098087431064749,-0.5132689825599924,-0.5542498568706399
2026-03-11 00:00:00,-0.04347910403285908,-0.5090590887495661,-0.5525381927824251
2026-03-11 00:05:00,-0.03301524501060525,-0.5051950971573744,-0.5382103421679797
2026-03-11 00:10:00,-0.03158743410155794,-0.5016956101398465,-0.5332830442414045
2026-03-11 00:15:00,-0.040073927808842856,-0.4985469311319456,-0.5386208589407885
2026-03-11 00:20:00,-0.047412077465104674,-0.4957330380119294,-0.5431451154770341
2026-03-11 00:25:00,-0.04516748237682153,-0.49323788607764074,-0.5384053684544623
2026-03-11 00:30:00,-0.03556360553622062,-0.49104540804650426,-0.5266090135827248
2026-03-11 00:35:00,-0.01924812017562999,-0.48913951405552897,-0.508387634231159
2026-03-11 00:40:00,-0.0037306875447958646,-0.48750409166130587,-0.49123477920610176
2026-03-11 00:45:00,-0.009015115571248518,-0.48612300584001067,-0.4951381214112592
2026-03-11 00:50:00,-0.03579153268132878,-0.4849800989874015,-0.5207716316687303
2026-03-11 00:55:00,-0.050235073520067286,-0.4840591909188203,-0.5342942644388876
2026-03-11 01:00:00,-0.013289983675887755,-0.4833440788691913,-0.496634062545079
